,C0,C1,C2,C3,C4,C5,C6,C7,C8,C9,C10,C11,C12,C13,C14,C15,C16,C17,C18,C19,C20,C21,C22,C23,C24,C25,C26,C27,C28,C29,C30,C31,C32,C33,C34,C35,C36,C37,C38,C39,C40,C41,C42,C43,C44,C45,C46,C47
0,AATK_nonsense_mediated_decay:SLVRNA,ABTB1_processed_transcript:SLVRNA,AACS_retained_intron:SLVRNA,ABCA7_protein_coding:SLVRNA,AC058791.1_lincRNA:SLVRNA,AC004076.5_antisense:SLVRNA,AGRN_retained_intron:SLVRNA,ABCA2_nonsense_mediated_decay:SLVRNA,CIC_protein_coding:SLVRNA,ANKRD12_protein_coding:SLVRNA,ATG9B_protein_coding:SLVRNA,AC008268.3_lincRNA:SLVRNA,CLDN4_protein_coding:SLVRNA,ACBD3_protein_coding:SLVRNA,ADAR_retained_intron:SLVRNA,PRRG3_protein_coding:SLVRNA,ENG_protein_coding:SLVRNA,ADAM8_protein_coding:SLVRNA,PI4KB_protein_coding:SLVRNA,ANXA1_processed_transcript:SLVRNA,C16orf54_protein_coding:SLVRNA,ELMO1_protein_coding:SLVRNA,KIF21B_protein_coding:SLVRNA,DMBT1_protein_coding:SLVRNA,KIAA1217_protein_coding:SLVRNA,PDCD4_processed_transcript:SLVRNA,IRAK1_protein_coding:SLVRNA,PINK1_protein_coding:SLVRNA,CDKN1B_protein_coding:SLVRNA,DNAJC5_nonsense_mediated_decay:SLVRNA,KANK1_processed_transcript:SLVRNA,MYO1G_retained_intron:SLVRNA,HNRNPAB_protein_coding:SLVRNA,MYD88_retained_intron:SLVRNA,BLZF1_protein_coding:SLVRNA,AC009948.3_antisense:SLVRNA,FAM91A1_protein_coding:SLVRNA,AVL9_protein_coding:SLVRNA,CEBPA_protein_coding:SLVRNA,CHIC2_protein_coding:SLVRNA,RPL3_protein_coding:SLVRNA,HK3_protein_coding:SLVRNA,MVP_protein_coding:SLVRNA,KIAA0232_protein_coding:SLVRNA,DOPEY2_protein_coding:SLVRNA,FAM43A_protein_coding:SLVRNA,FUS_protein_coding:SLVRNA,TNFRSF1B_protein_coding:SLVRNA
1,ABCF3_retained_intron:SLVRNA,ACAP1_protein_coding:SLVRNA,AC005154.6_antisense:SLVRNA,ACTN1_protein_coding:SLVRNA,ACSL1_protein_coding:SLVRNA,AC006509.7_processed_pseudogene:SLVRNA,ANAPC16_processed_transcript:SLVRNA,BIRC6_retained_intron:SLVRNA,GET4_protein_coding:SLVRNA,CDS2_protein_coding:SLVRNA,C2orf54_protein_coding:SLVRNA,AMPD2_protein_coding:SLVRNA,DMKN_protein_coding:SLVRNA,EMILIN2_protein_coding:SLVRNA,HNRNPH1_retained_intron:SLVRNA,RP11-347C12.1_protein_coding:SLVRNA,GTF2A1_protein_coding:SLVRNA,CSF3R_retained_intron:SLVRNA,SPTBN1_protein_coding:SLVRNA,FBXW11_protein_coding:SLVRNA,ZFP36L2_protein_coding:SLVRNA,SLC26A9_retained_intron:SLVRNA,PTGS2_processed_transcript:SLVRNA,JMJD6_protein_coding:SLVRNA,PATJ_protein_coding:SLVRNA,TRIM25_retained_intron:SLVRNA,PLEKHM1_nonsense_mediated_decay:SLVRNA,PRKCSH_protein_coding:SLVRNA,HELZ2_processed_transcript:SLVRNA,REXO1_protein_coding:SLVRNA,ZNF688_protein_coding:SLVRNA,PTOV1_retained_intron:SLVRNA,PRELID1_protein_coding:SLVRNA,NBEAL2_retained_intron:SLVRNA,TMC5_protein_coding:SLVRNA,MAPRE2_protein_coding:SLVRNA,SORL1_retained_intron:SLVRNA,SLF2_protein_coding:SLVRNA,WASH6P_processed_transcript:SLVRNA,SLC15A3_retained_intron:SLVRNA,TMPRSS11E_protein_coding:SLVRNA,PML_protein_coding:SLVRNA,RP11-206L10.2_processed_transcript:SLVRNA,KLF16_protein_coding:SLVRNA,OGT_protein_coding:SLVRNA,SLC6A14_protein_coding:SLVRNA,IL10RA_retained_intron:SLVRNA,ZSWIM6_protein_coding:SLVRNA
2,ABHD17A_retained_intron:SLVRNA,ACBD5_protein_coding:SLVRNA,AC005301.5_processed_transcript:SLVRNA,ADAR_protein_coding:SLVRNA,ADRBK2_protein_coding:SLVRNA,AC009404.2_lincRNA:SLVRNA,ANO8_protein_coding:SLVRNA,DAAM1_protein_coding:SLVRNA,HDAC2_protein_coding:SLVRNA,CREB1_protein_coding:SLVRNA,CLIC3_protein_coding:SLVRNA,ATP6V1C1_protein_coding:SLVRNA,RHCG_nonsense_mediated_decay:SLVRNA,NDEL1_retained_intron:SLVRNA,ITGA5_retained_intron:SLVRNA,RP11-87N24.3_lincRNA:SLVRNA,UNC13D_protein_coding:SLVRNA,MMP25_protein_coding:SLVRNA,,,,,,,,,,,,,,,,,,,,,,,,,,,,,,
3,ABTB1_retained_intron:SLVRNA,ACIN1_retained_intron:SLVRNA,ADGRG3_retained_intron:SLVRNA,AGO4_protein_coding:SLVRNA,AGO3_protein_coding:SLVRNA,ACOX1_protein_coding:SLVRNA,CGGBP1_protein_coding:SLVRNA,DAPK2_nonsense_mediated_decay:SLVRNA,LRP1_protein_coding:SLVRNA,DHX8_protein_coding:SLVRNA,DUSP5_protein_coding:SLVRNA,HECTD4_retained_intron:SLVRNA,TUFT1_protein_coding:SLVRNA,TNFAIP2_nonsense_mediated_decay:SLVRNA,MARS_nonsense_mediated_decay:SLVRNA,,,,,,,,,,,,,,,,,,,,,,,,,,,,,,,,,
4,AC137934.1_lincRNA:SLVRNA,ADCY7_protein_coding:SLVRNA,AGFG2_protein_coding:SLVRNA,AGPAT6_retained_intron:SLVRNA,AKT1_retained_intron:SLVRNA,AHDC1_protein_coding:SLVRNA,CNKSR3_protein_coding:SLVRNA,DGKZ_protein_coding:SLVRNA,MEFV_retained_intron:SLVRNA,IQCE_protein_coding:SLVRNA,ECM1_protein_coding:SLVRNA,HYOU1_protein_coding:SLVRNA,,,,,,,,,,,,,,,,,,,,,,,,,,,,,,,,,,,,
5,AC138035.2_lincRNA:SLVRNA,AHCYL1_protein_coding:SLVRNA,AKAP9_protein_coding:SLVRNA,AKT1S1_protein_coding:SLVRNA,AMBRA1_protein_coding:SLVRNA,ARFGAP2_protein_coding:SLVRNA,CNOT7_protein_coding:SLVRNA,DNAJC10_protein_coding:SLVRNA,MLEC_protein_coding:SLVRNA,KLF13_protein_coding:SLVRNA,ELF3_processed_transcript:SLVRNA,KCNJ15_protein_coding:SLVRNA,,,,,,,,,,,,,,,,,,,,,,,,,,,,,,,,,,,,
6,ACAP3_retained_intron:SLVRNA,ALOX5_processed_transcript:SLVRNA,AKAP9_retained_intron:SLVRNA,AMFR_protein_coding:SLVRNA,ARPC2_processed_transcript:SLVRNA,BCDIN3D_protein_coding:SLVRNA,EIF4G2_protein_coding:SLVRNA,EGLN2_retained_intron:SLVRNA,PRKACA_protein_coding:SLVRNA,NCOA6_protein_coding:SLVRNA,KRT19_protein_coding:SLVRNA,LIMK2_retained_intron:SLVRNA,,,,,,,,,,,,,,,,,,,,,,,,,,,,,,,,,,,,
7,ADRM1_protein_coding:SLVRNA,ANKHD1_retained_intron:SLVRNA,ALDH1A3_protein_coding:SLVRNA,AP5B1_protein_coding:SLVRNA,ATG16L2_processed_transcript:SLVRNA,BROX_protein_coding:SLVRNA,EPHX3_protein_coding:SLVRNA,FCGR1A_protein_coding:SLVRNA,RAB21_retained_intron:SLVRNA,NUFIP2_protein_coding:SLVRNA,MUC1_protein_coding:SLVRNA,PLEKHB2_protein_coding:SLVRNA,,,,,,,,,,,,,,,,,,,,,,,,,,,,,,,,,,,,
8,AKT1_protein_coding:SLVRNA,APOBEC3A_processed_transcript:SLVRNA,ANKRD44_protein_coding:SLVRNA,APOBEC3A_retained_intron:SLVRNA,ATP6AP2_protein_coding:SLVRNA,C14orf64_lincRNA:SLVRNA,EPS8L1_retained_intron:SLVRNA,FKBP8_protein_coding:SLVRNA,SECISBP2L_protein_coding:SLVRNA,PDS5A_protein_coding:SLVRNA,PRSS22_protein_coding:SLVRNA,RBM3_processed_transcript:SLVRNA,,,,,,,,,,,,,,,,,,,,,,,,,,,,,,,,,,,,
9,AKT2_protein_coding:SLVRNA,ARF3_protein_coding:SLVRNA,ANXA11_processed_transcript:SLVRNA,ARID4B_protein_coding:SLVRNA,AVIL_retained_intron:SLVRNA,C15orf58_protein_coding:SLVRNA,EXPH5_protein_coding:SLVRNA,GPC1_protein_coding:SLVRNA,STAG2_protein_coding:SLVRNA,SOCS2_protein_coding:SLVRNA,PRSS27_protein_coding:SLVRNA,,,,,,,,,,,,,,,,,,,,,,,,,,,,,,,,,,,,,
10,ANKRD9_protein_coding:SLVRNA,ARNTL2_protein_coding:SLVRNA,ANXA7_protein_coding:SLVRNA,ARMCX3_protein_coding:SLVRNA,C3AR1_protein_coding:SLVRNA,CAV2_protein_coding:SLVRNA,GCOM1_nonsense_mediated_decay:SLVRNA,LYST_protein_coding:SLVRNA,TSC2_retained_intron:SLVRNA,SULT1B1_protein_coding:SLVRNA,PSCA_protein_coding:SLVRNA,,,,,,,,,,,,,,,,,,,,,,,,,,,,,,,,,,,,,
11,APOE_protein_coding:SLVRNA,ATHL1_protein_coding:SLVRNA,ARHGDIA_protein_coding:SLVRNA,ARPC2_retained_intron:SLVRNA,CCL3_protein_coding:SLVRNA,CCNG2_protein_coding:SLVRNA,HOMER2_protein_coding:SLVRNA,MAP3K2_protein_coding:SLVRNA,WDR1_protein_coding:SLVRNA,TMEM192_protein_coding:SLVRNA,TMPRSS2_protein_coding:SLVRNA,,,,,,,,,,,,,,,,,,,,,,,,,,,,,,,,,,,,,
12,ARAF_protein_coding:SLVRNA,ATP1B1_protein_coding:SLVRNA,ARL8A_protein_coding:SLVRNA,ATHL1_retained_intron:SLVRNA,CDK16_protein_coding:SLVRNA,CELF4_protein_coding:SLVRNA,IKZF1_protein_coding:SLVRNA,NAV1_protein_coding:SLVRNA,ZC3H4_protein_coding:SLVRNA,,,,,,,,,,,,,,,,,,,,,,,,,,,,,,,,,,,,,,,
13,ARAP3_protein_coding:SLVRNA,ATP6AP2_retained_intron:SLVRNA,ARRDC4_protein_coding:SLVRNA,ATP2A3_retained_intron:SLVRNA,CELF2_protein_coding:SLVRNA,CELF5_nonsense_mediated_decay:SLVRNA,JOSD1_protein_coding:SLVRNA,NFKB2_retained_intron:SLVRNA,,,,,,,,,,,,,,,,,,,,,,,,,,,,,,,,,,,,,,,,
14,ARF5_retained_intron:SLVRNA,BACH2_protein_coding:SLVRNA,ATF5_protein_coding:SLVRNA,AXL_protein_coding:SLVRNA,CHURC1_protein_coding:SLVRNA,CH17-264L24.1_lincRNA:SLVRNA,KIAA0930_protein_coding:SLVRNA,NPEPPS_nonsense_mediated_decay:SLVRNA,,,,,,,,,,,,,,,,,,,,,,,,,,,,,,,,,,,,,,,,
15,ARHGAP4_retained_intron:SLVRNA,BCL10_protein_coding:SLVRNA,ATP13A3_retained_intron:SLVRNA,BCL9L_protein_coding:SLVRNA,CORO7_protein_coding:SLVRNA,CHD1_protein_coding:SLVRNA,KREMEN1_protein_coding:SLVRNA,PHACTR4_protein_coding:SLVRNA,,,,,,,,,,,,,,,,,,,,,,,,,,,,,,,,,,,,,,,,
16,ARHGEF1_protein_coding:SLVRNA,BCL2L11_protein_coding:SLVRNA,ATP2A2_protein_coding:SLVRNA,C17orf62_retained_intron:SLVRNA,COTL1_processed_transcript:SLVRNA,CTA-414D7.1_sense_intronic:SLVRNA,LMNA_processed_transcript:SLVRNA,PLTP_protein_coding:SLVRNA,,,,,,,,,,,,,,,,,,,,,,,,,,,,,,,,,,,,,,,,
17,ARIH1_retained_intron:SLVRNA,BCL6_protein_coding:SLVRNA,BAZ2A_protein_coding:SLVRNA,C9orf72_protein_coding:SLVRNA,CSRNP1_protein_coding:SLVRNA,DSTYK_protein_coding:SLVRNA,MALT1_protein_coding:SLVRNA,RC3H2_protein_coding:SLVRNA,,,,,,,,,,,,,,,,,,,,,,,,,,,,,,,,,,,,,,,,
18,ARRB1_protein_coding:SLVRNA,BET1L_protein_coding:SLVRNA,BCL6_processed_transcript:SLVRNA,CAPN2_processed_transcript:SLVRNA,CSRP1_protein_coding:SLVRNA,EBF1_processed_transcript:SLVRNA,MED15_retained_intron:SLVRNA,RP13-104F24.2_processed_transcript:SLVRNA,,,,,,,,,,,,,,,,,,,,,,,,,,,,,,,,,,,,,,,,
19,ASAH1_protein_coding:SLVRNA,BMPR1B_protein_coding:SLVRNA,BLOC1S6_protein_coding:SLVRNA,CDC42SE1_retained_intron:SLVRNA,CTD-3252C9.4_lincRNA:SLVRNA,EBF1_protein_coding:SLVRNA,PALLD_protein_coding:SLVRNA,SCPEP1_protein_coding:SLVRNA,,,,,,,,,,,,,,,,,,,,,,,,,,,,,,,,,,,,,,,,
20,ATAD3C_protein_coding:SLVRNA,C12orf45_protein_coding:SLVRNA,BRD2_protein_coding:SLVRNA,CDH12_protein_coding:SLVRNA,CXCR2_protein_coding:SLVRNA,EMX2_protein_coding:SLVRNA,PDXK_protein_coding:SLVRNA,SERPINE1_protein_coding:SLVRNA,,,,,,,,,,,,,,,,,,,,,,,,,,,,,,,,,,,,,,,,
21,ATP5B_processed_transcript:SLVRNA,C17orf107_protein_coding:SLVRNA,C17orf49_retained_intron:SLVRNA,CFLAR_retained_intron:SLVRNA,DCUN1D1_protein_coding:SLVRNA,ERCC4_protein_coding:SLVRNA,PHF20_protein_coding:SLVRNA,SLC12A9_protein_coding:SLVRNA,,,,,,,,,,,,,,,,,,,,,,,,,,,,,,,,,,,,,,,,
22,ATXN7_retained_intron:SLVRNA,C1GALT1_protein_coding:SLVRNA,C6orf89_protein_coding:SLVRNA,CH507-513H4.3_lincRNA:SLVRNA,DDB1_retained_intron:SLVRNA,EYA1_protein_coding:SLVRNA,PHF3_protein_coding:SLVRNA,SLC39A13_protein_coding:SLVRNA,,,,,,,,,,,,,,,,,,,,,,,,,,,,,,,,,,,,,,,,
23,AZIN1_protein_coding:SLVRNA,CALM1_retained_intron:SLVRNA,CAPZA2_protein_coding:SLVRNA,CH507-513H4.4_lincRNA:SLVRNA,ECE1_protein_coding:SLVRNA,FAM184B_protein_coding:SLVRNA,PTK2B_protein_coding:SLVRNA,SNX14_protein_coding:SLVRNA,,,,,,,,,,,,,,,,,,,,,,,,,,,,,,,,,,,,,,,,
24,BAIAP3_protein_coding:SLVRNA,CAMKK2_protein_coding:SLVRNA,CBX5_protein_coding:SLVRNA,CH507-513H4.6_lincRNA:SLVRNA,EHD1_protein_coding:SLVRNA,FBXL18_protein_coding:SLVRNA,RGL2_protein_coding:SLVRNA,SPG7_retained_intron:SLVRNA,,,,,,,,,,,,,,,,,,,,,,,,,,,,,,,,,,,,,,,,
25,BAIAP3_retained_intron:SLVRNA,CBFA2T2_protein_coding:SLVRNA,CCDC88B_processed_transcript:SLVRNA,CLCA4_protein_coding:SLVRNA,FAM168A_protein_coding:SLVRNA,GON4L_processed_transcript:SLVRNA,SF3B2_retained_intron:SLVRNA,SRRT_protein_coding:SLVRNA,,,,,,,,,,,,,,,,,,,,,,,,,,,,,,,,,,,,,,,,
26,BANP_processed_transcript:SLVRNA,CCDC84_retained_intron:SLVRNA,CCM2_retained_intron:SLVRNA,CLCN3_protein_coding:SLVRNA,FMNL1_protein_coding:SLVRNA,GPR85_protein_coding:SLVRNA,SLC44A2_protein_coding:SLVRNA,SYNCRIP_protein_coding:SLVRNA,,,,,,,,,,,,,,,,,,,,,,,,,,,,,,,,,,,,,,,,
27,BIRC2_protein_coding:SLVRNA,CD300C_protein_coding:SLVRNA,CCND2_protein_coding:SLVRNA,CLK1_protein_coding:SLVRNA,FRMD4B_protein_coding:SLVRNA,IGF1_protein_coding:SLVRNA,STXBP5_protein_coding:SLVRNA,TNFSF9_protein_coding:SLVRNA,,,,,,,,,,,,,,,,,,,,,,,,,,,,,,,,,,,,,,,,
28,C4orf32_protein_coding:SLVRNA,CD44_protein_coding:SLVRNA,CHKB_retained_intron:SLVRNA,COPB1_protein_coding:SLVRNA,GPBP1_retained_intron:SLVRNA,IPO7_protein_coding:SLVRNA,SUN1_retained_intron:SLVRNA,UACA_protein_coding:SLVRNA,,,,,,,,,,,,,,,,,,,,,,,,,,,,,,,,,,,,,,,,
29,C6orf62_protein_coding:SLVRNA,CFP_protein_coding:SLVRNA,CHPF2_protein_coding:SLVRNA,CTD-2311B13.7_lincRNA:SLVRNA,GRAMD1A_protein_coding:SLVRNA,KBTBD6_protein_coding:SLVRNA,TAF10_retained_intron:SLVRNA,WASHC4_protein_coding:SLVRNA,,,,,,,,,,,,,,,,,,,,,,,,,,,,,,,,,,,,,,,,
30,CAMKK1_protein_coding:SLVRNA,CHD4_protein_coding:SLVRNA,CIRBP_retained_intron:SLVRNA,DACT3_protein_coding:SLVRNA,GTF2IP18_processed_transcript:SLVRNA,KLLN_protein_coding:SLVRNA,TBL1X_protein_coding:SLVRNA,YBX3_processed_transcript:SLVRNA,,,,,,,,,,,,,,,,,,,,,,,,,,,,,,,,,,,,,,,,
31,CAPG_protein_coding:SLVRNA,CIITA_protein_coding:SLVRNA,CLTC_protein_coding:SLVRNA,DCAKD_protein_coding:SLVRNA,HCFC1_protein_coding:SLVRNA,LINC01452_lincRNA:SLVRNA,TOX4_protein_coding:SLVRNA,ZNF426_protein_coding:SLVRNA,,,,,,,,,,,,,,,,,,,,,,,,,,,,,,,,,,,,,,,,
32,CARS_protein_coding:SLVRNA,CISH_retained_intron:SLVRNA,CNOT8_protein_coding:SLVRNA,DGKA_processed_transcript:SLVRNA,HDAC4_protein_coding:SLVRNA,LLNLF-96A1.1_antisense:SLVRNA,XAF1_protein_coding:SLVRNA,,,,,,,,,,,,,,,,,,,,,,,,,,,,,,,,,,,,,,,,,
33,CCDC71L_protein_coding:SLVRNA,CLINT1_protein_coding:SLVRNA,CNPPD1_protein_coding:SLVRNA,DOCK5_protein_coding:SLVRNA,HELZ2_protein_coding:SLVRNA,LPAR4_processed_transcript:SLVRNA,,,,,,,,,,,,,,,,,,,,,,,,,,,,,,,,,,,,,,,,,,
34,CD81_protein_coding:SLVRNA,CLIP1_protein_coding:SLVRNA,COL18A1_protein_coding:SLVRNA,EDF1_protein_coding:SLVRNA,HGS_retained_intron:SLVRNA,LRAT_protein_coding:SLVRNA,,,,,,,,,,,,,,,,,,,,,,,,,,,,,,,,,,,,,,,,,,
35,CDH1_protein_coding:SLVRNA,CLPB_protein_coding:SLVRNA,COPG1_protein_coding:SLVRNA,ELMO1_retained_intron:SLVRNA,HOOK1_protein_coding:SLVRNA,LRTM1_protein_coding:SLVRNA,,,,,,,,,,,,,,,,,,,,,,,,,,,,,,,,,,,,,,,,,,
36,CDK11A_retained_intron:SLVRNA,CLTA_protein_coding:SLVRNA,COPZ1_protein_coding:SLVRNA,ERLIN1_protein_coding:SLVRNA,IL1B_processed_transcript:SLVRNA,MATR3_retained_intron:SLVRNA,,,,,,,,,,,,,,,,,,,,,,,,,,,,,,,,,,,,,,,,,,
37,CDK5RAP3_retained_intron:SLVRNA,CMPK1_protein_coding:SLVRNA,COQ10B_protein_coding:SLVRNA,ETFDH_protein_coding:SLVRNA,IL4R_protein_coding:SLVRNA,ME2_protein_coding:SLVRNA,,,,,,,,,,,,,,,,,,,,,,,,,,,,,,,,,,,,,,,,,,
38,CDKN2D_protein_coding:SLVRNA,CPD_protein_coding:SLVRNA,CSTB_retained_intron:SLVRNA,FAM120A_protein_coding:SLVRNA,ILF3_protein_coding:SLVRNA,NCALD_retained_intron:SLVRNA,,,,,,,,,,,,,,,,,,,,,,,,,,,,,,,,,,,,,,,,,,
39,CEACAM3_nonsense_mediated_decay:SLVRNA,CPVL_protein_coding:SLVRNA,CYTH1_retained_intron:SLVRNA,FBRS_retained_intron:SLVRNA,INPPL1_protein_coding:SLVRNA,NMRK1_protein_coding:SLVRNA,,,,,,,,,,,,,,,,,,,,,,,,,,,,,,,,,,,,,,,,,,
40,CENPB_protein_coding:SLVRNA,CR1_protein_coding:SLVRNA,DDX5_protein_coding:SLVRNA,FCGBP_protein_coding:SLVRNA,IVNS1ABP_processed_transcript:SLVRNA,NOVA1_protein_coding:SLVRNA,,,,,,,,,,,,,,,,,,,,,,,,,,,,,,,,,,,,,,,,,,
41,CHMP4C_protein_coding:SLVRNA,CTDSP2_protein_coding:SLVRNA,DENND4B_retained_intron:SLVRNA,FCGR2A_nonsense_mediated_decay:SLVRNA,KDM6B_protein_coding:SLVRNA,NPAS3_protein_coding:SLVRNA,,,,,,,,,,,,,,,,,,,,,,,,,,,,,,,,,,,,,,,,,,
42,CLDN23_protein_coding:SLVRNA,DDX17_retained_intron:SLVRNA,DGKA_retained_intron:SLVRNA,FCGR2A_processed_transcript:SLVRNA,LARP1_protein_coding:SLVRNA,OR10H5_protein_coding:SLVRNA,,,,,,,,,,,,,,,,,,,,,,,,,,,,,,,,,,,,,,,,,,
43,CLEC4A_protein_coding:SLVRNA,DENND3_protein_coding:SLVRNA,DHX36_protein_coding:SLVRNA,FCHO1_retained_intron:SLVRNA,LFNG_protein_coding:SLVRNA,ORC6_retained_intron:SLVRNA,,,,,,,,,,,,,,,,,,,,,,,,,,,,,,,,,,,,,,,,,,
44,CLK3_retained_intron:SLVRNA,DNAJB2_retained_intron:SLVRNA,DLST_protein_coding:SLVRNA,FLT1_protein_coding:SLVRNA,LILRB2_retained_intron:SLVRNA,OTUD7B_protein_coding:SLVRNA,,,,,,,,,,,,,,,,,,,,,,,,,,,,,,,,,,,,,,,,,,
45,CNDP2_protein_coding:SLVRNA,DNM2_protein_coding:SLVRNA,DNAJB9_protein_coding:SLVRNA,FOXJ2_protein_coding:SLVRNA,LTN1_protein_coding:SLVRNA,PAX5_protein_coding:SLVRNA,,,,,,,,,,,,,,,,,,,,,,,,,,,,,,,,,,,,,,,,,,
46,CSF2RA_protein_coding:SLVRNA,DUSP6_protein_coding:SLVRNA,DOCK8_protein_coding:SLVRNA,FOXK1_protein_coding:SLVRNA,LZTS2_protein_coding:SLVRNA,PAX6_protein_coding:SLVRNA,,,,,,,,,,,,,,,,,,,,,,,,,,,,,,,,,,,,,,,,,,
47,CSNK2A2_protein_coding:SLVRNA,DYSF_processed_transcript:SLVRNA,DUOX2_retained_intron:SLVRNA,FUT3_protein_coding:SLVRNA,MED12_protein_coding:SLVRNA,PDGFA_protein_coding:SLVRNA,,,,,,,,,,,,,,,,,,,,,,,,,,,,,,,,,,,,,,,,,,
48,CYB5D1_protein_coding:SLVRNA,DYSF_protein_coding:SLVRNA,DYNC1LI2_protein_coding:SLVRNA,GATAD2A_nonsense_mediated_decay:SLVRNA,MGAT5_protein_coding:SLVRNA,PGBD4_protein_coding:SLVRNA,,,,,,,,,,,,,,,,,,,,,,,,,,,,,,,,,,,,,,,,,,
49,CYBA_retained_intron:SLVRNA,EFHC1_protein_coding:SLVRNA,EGLN2_protein_coding:SLVRNA,GIGYF1_protein_coding:SLVRNA,MICAL2_retained_intron:SLVRNA,PPARA_retained_intron:SLVRNA,,,,,,,,,,,,,,,,,,,,,,,,,,,,,,,,,,,,,,,,,,
50,CYHR1_retained_intron:SLVRNA,ELF4_protein_coding:SLVRNA,EGR3_processed_transcript:SLVRNA,HECA_protein_coding:SLVRNA,MME_protein_coding:SLVRNA,PSG2_processed_transcript:SLVRNA,,,,,,,,,,,,,,,,,,,,,,,,,,,,,,,,,,,,,,,,,,
51,CYSTM1_protein_coding:SLVRNA,ELL2_protein_coding:SLVRNA,EIF3J_protein_coding:SLVRNA,HIST1H2AC_protein_coding:SLVRNA,MMP19_nonsense_mediated_decay:SLVRNA,RAP1GAP_protein_coding:SLVRNA,,,,,,,,,,,,,,,,,,,,,,,,,,,,,,,,,,,,,,,,,,
52,DDHD1_protein_coding:SLVRNA,EPHB3_protein_coding:SLVRNA,EIF4E_protein_coding:SLVRNA,HLA-DMB_protein_coding:SLVRNA,MTRNR2L3_protein_coding:SLVRNA,RP11-113I24.1_processed_pseudogene:SLVRNA,,,,,,,,,,,,,,,,,,,,,,,,,,,,,,,,,,,,,,,,,,
53,DDX3Y_processed_transcript:SLVRNA,ERGIC1_retained_intron:SLVRNA,ERLIN2_protein_coding:SLVRNA,HSPB8_protein_coding:SLVRNA,MXD3_protein_coding:SLVRNA,RP11-124B7.1_processed_pseudogene:SLVRNA,,,,,,,,,,,,,,,,,,,,,,,,,,,,,,,,,,,,,,,,,,
54,DDX6_retained_intron:SLVRNA,FAM53B_protein_coding:SLVRNA,ERP29_protein_coding:SLVRNA,IGSF10_protein_coding:SLVRNA,MYO1E_protein_coding:SLVRNA,RP11-219E24.1_processed_transcript:SLVRNA,,,,,,,,,,,,,,,,,,,,,,,,,,,,,,,,,,,,,,,,,,
55,DENND3_retained_intron:SLVRNA,FAM76A_protein_coding:SLVRNA,EWSR1_protein_coding:SLVRNA,IL1R2_retained_intron:SLVRNA,MYO9B_retained_intron:SLVRNA,RP11-417L19.2_lincRNA:SLVRNA,,,,,,,,,,,,,,,,,,,,,,,,,,,,,,,,,,,,,,,,,,
56,DFNB31_protein_coding:SLVRNA,FBXO38_protein_coding:SLVRNA,FAM32A_protein_coding:SLVRNA,IL36G_protein_coding:SLVRNA,NBPF20_protein_coding:SLVRNA,RP11-69P2.1_processed_pseudogene:SLVRNA,,,,,,,,,,,,,,,,,,,,,,,,,,,,,,,,,,,,,,,,,,
57,DGAT2_protein_coding:SLVRNA,FCAR_protein_coding:SLVRNA,FAM49B_retained_intron:SLVRNA,IL4R_retained_intron:SLVRNA,NFIA_protein_coding:SLVRNA,RP11-715J22.2_antisense:SLVRNA,,,,,,,,,,,,,,,,,,,,,,,,,,,,,,,,,,,,,,,,,,
58,DGAT2_retained_intron:SLVRNA,FLII_nonsense_mediated_decay:SLVRNA,FHOD1_retained_intron:SLVRNA,INF2_protein_coding:SLVRNA,NFKBIE_protein_coding:SLVRNA,RP11-96D1.11_antisense:SLVRNA,,,,,,,,,,,,,,,,,,,,,,,,,,,,,,,,,,,,,,,,,,
59,DHRS9_protein_coding:SLVRNA,FLNA_protein_coding:SLVRNA,FLNA_retained_intron:SLVRNA,INTS1_protein_coding:SLVRNA,NFRKB_protein_coding:SLVRNA,RP5-1043L3.1_lincRNA:SLVRNA,,,,,,,,,,,,,,,,,,,,,,,,,,,,,,,,,,,,,,,,,,
60,DHX16_protein_coding:SLVRNA,FNDC3A_protein_coding:SLVRNA,FLOT1_protein_coding:SLVRNA,IRF9_retained_intron:SLVRNA,NLRP1_protein_coding:SLVRNA,RP5-1096D14.6_antisense:SLVRNA,,,,,,,,,,,,,,,,,,,,,,,,,,,,,,,,,,,,,,,,,,
61,DLG1_retained_intron:SLVRNA,FOS_processed_transcript:SLVRNA,FNBP1L_protein_coding:SLVRNA,ITGB2_retained_intron:SLVRNA,NR4A1_protein_coding:SLVRNA,RPS6KA6_protein_coding:SLVRNA,,,,,,,,,,,,,,,,,,,,,,,,,,,,,,,,,,,,,,,,,,
62,DYNLRB1_protein_coding:SLVRNA,FURIN_protein_coding:SLVRNA,FOSL2_protein_coding:SLVRNA,JAK3_protein_coding:SLVRNA,PER1_protein_coding:SLVRNA,SDC3_protein_coding:SLVRNA,,,,,,,,,,,,,,,,,,,,,,,,,,,,,,,,,,,,,,,,,,
63,DYRK1A_protein_coding:SLVRNA,GBP4_protein_coding:SLVRNA,GALNT1_protein_coding:SLVRNA,KIAA1671_protein_coding:SLVRNA,PHC3_protein_coding:SLVRNA,SENP5_protein_coding:SLVRNA,,,,,,,,,,,,,,,,,,,,,,,,,,,,,,,,,,,,,,,,,,
64,ECM1_processed_transcript:SLVRNA,GCH1_protein_coding:SLVRNA,GRN_protein_coding:SLVRNA,LAMB3_protein_coding:SLVRNA,PIKFYVE_protein_coding:SLVRNA,SOX2-OT_sense_overlapping:SLVRNA,,,,,,,,,,,,,,,,,,,,,,,,,,,,,,,,,,,,,,,,,,
65,EGLN1_protein_coding:SLVRNA,GMIP_protein_coding:SLVRNA,GRPEL2_protein_coding:SLVRNA,LDLRAD4_protein_coding:SLVRNA,POU2F2_protein_coding:SLVRNA,SSTR2_protein_coding:SLVRNA,,,,,,,,,,,,,,,,,,,,,,,,,,,,,,,,,,,,,,,,,,
66,EHD1_retained_intron:SLVRNA,GNS_protein_coding:SLVRNA,GTPBP1_protein_coding:SLVRNA,LILRB2_protein_coding:SLVRNA,PPIF_processed_transcript:SLVRNA,TIMM50_retained_intron:SLVRNA,,,,,,,,,,,,,,,,,,,,,,,,,,,,,,,,,,,,,,,,,,
67,EHD3_protein_coding:SLVRNA,GPATCH2L_protein_coding:SLVRNA,HDAC5_protein_coding:SLVRNA,MAPK14_protein_coding:SLVRNA,PRKCD_protein_coding:SLVRNA,TTC21A_retained_intron:SLVRNA,,,,,,,,,,,,,,,,,,,,,,,,,,,,,,,,,,,,,,,,,,
68,EIF3G_protein_coding:SLVRNA,GPR35_protein_coding:SLVRNA,HK3_retained_intron:SLVRNA,MED25_protein_coding:SLVRNA,PRKDC_protein_coding:SLVRNA,TUBE1_retained_intron:SLVRNA,,,,,,,,,,,,,,,,,,,,,,,,,,,,,,,,,,,,,,,,,,
69,EIF4A1_retained_intron:SLVRNA,GRHL1_protein_coding:SLVRNA,HMHA1_protein_coding:SLVRNA,MFN2_protein_coding:SLVRNA,PRRC2A_protein_coding:SLVRNA,WDR66_retained_intron:SLVRNA,,,,,,,,,,,,,,,,,,,,,,,,,,,,,,,,,,,,,,,,,,
70,ELF2_protein_coding:SLVRNA,GRINA_protein_coding:SLVRNA,HNRNPC_retained_intron:SLVRNA,MGRN1_protein_coding:SLVRNA,PSTPIP1_protein_coding:SLVRNA,XPNPEP3_protein_coding:SLVRNA,,,,,,,,,,,,,,,,,,,,,,,,,,,,,,,,,,,,,,,,,,
71,ELL_protein_coding:SLVRNA,HLA-DRB6_processed_transcript:SLVRNA,HNRNPU_retained_intron:SLVRNA,MIR22HG_lincRNA:SLVRNA,PTPN1_protein_coding:SLVRNA,ZNF26_protein_coding:SLVRNA,,,,,,,,,,,,,,,,,,,,,,,,,,,,,,,,,,,,,,,,,,
72,ELOC_protein_coding:SLVRNA,HSPG2_protein_coding:SLVRNA,HOOK2_retained_intron:SLVRNA,MLLT1_protein_coding:SLVRNA,PXN_protein_coding:SLVRNA,ZNF302_protein_coding:SLVRNA,,,,,,,,,,,,,,,,,,,,,,,,,,,,,,,,,,,,,,,,,,
73,EPRS_protein_coding:SLVRNA,ID2_protein_coding:SLVRNA,ICAM3_protein_coding:SLVRNA,MLLT3_protein_coding:SLVRNA,RASA1_protein_coding:SLVRNA,ZNF527_nonsense_mediated_decay:SLVRNA,,,,,,,,,,,,,,,,,,,,,,,,,,,,,,,,,,,,,,,,,,
74,EPS8L2_retained_intron:SLVRNA,IL6R_protein_coding:SLVRNA,IL3RA_protein_coding:SLVRNA,MMS22L_protein_coding:SLVRNA,RNF40_protein_coding:SLVRNA,,,,,,,,,,,,,,,,,,,,,,,,,,,,,,,,,,,,,,,,,,,
75,ERICH1_protein_coding:SLVRNA,JADE1_protein_coding:SLVRNA,IL7R_protein_coding:SLVRNA,NACC2_protein_coding:SLVRNA,RP11-281A20.2_lincRNA:SLVRNA,,,,,,,,,,,,,,,,,,,,,,,,,,,,,,,,,,,,,,,,,,,
76,ERO1A_nonsense_mediated_decay:SLVRNA,KLHL21_protein_coding:SLVRNA,IQGAP2_protein_coding:SLVRNA,NAPRT_retained_intron:SLVRNA,RP11-488L18.4_transcribed_unprocessed_pseudogene:SLVRNA,,,,,,,,,,,,,,,,,,,,,,,,,,,,,,,,,,,,,,,,,,,
77,ETS1_protein_coding:SLVRNA,KMT2A_protein_coding:SLVRNA,ITGAX_protein_coding:SLVRNA,NDRG2_retained_intron:SLVRNA,RUBCN_protein_coding:SLVRNA,,,,,,,,,,,,,,,,,,,,,,,,,,,,,,,,,,,,,,,,,,,
78,EWSR1_retained_intron:SLVRNA,LAD1_protein_coding:SLVRNA,ITGB1_protein_coding:SLVRNA,NEDD4_processed_transcript:SLVRNA,SEC14L1_retained_intron:SLVRNA,,,,,,,,,,,,,,,,,,,,,,,,,,,,,,,,,,,,,,,,,,,
79,FAM102A_protein_coding:SLVRNA,LEPROTL1_protein_coding:SLVRNA,ITGB8_protein_coding:SLVRNA,NFKBID_nonsense_mediated_decay:SLVRNA,SIPA1L1_protein_coding:SLVRNA,,,,,,,,,,,,,,,,,,,,,,,,,,,,,,,,,,,,,,,,,,,
80,FAM129A_protein_coding:SLVRNA,LGMN_protein_coding:SLVRNA,ITPRIPL2_protein_coding:SLVRNA,NUCKS1_protein_coding:SLVRNA,SPEN_protein_coding:SLVRNA,,,,,,,,,,,,,,,,,,,,,,,,,,,,,,,,,,,,,,,,,,,
81,FAM46B_protein_coding:SLVRNA,LILRB3_protein_coding:SLVRNA,KBTBD2_protein_coding:SLVRNA,ODF3B_retained_intron:SLVRNA,SPOPL_protein_coding:SLVRNA,,,,,,,,,,,,,,,,,,,,,,,,,,,,,,,,,,,,,,,,,,,
82,FBXO11_retained_intron:SLVRNA,LINC01002_lincRNA:SLVRNA,KCTD20_protein_coding:SLVRNA,OR7D4_protein_coding:SLVRNA,SRPK1_protein_coding:SLVRNA,,,,,,,,,,,,,,,,,,,,,,,,,,,,,,,,,,,,,,,,,,,
83,FBXO32_retained_intron:SLVRNA,LINC01002_retained_intron:SLVRNA,KDM2A_protein_coding:SLVRNA,OSCAR_protein_coding:SLVRNA,SRSF7_nonsense_mediated_decay:SLVRNA,,,,,,,,,,,,,,,,,,,,,,,,,,,,,,,,,,,,,,,,,,,
84,FCGR2B_retained_intron:SLVRNA,LRRK2_protein_coding:SLVRNA,KIAA0226L_protein_coding:SLVRNA,PARN_protein_coding:SLVRNA,ST6GALNAC2_protein_coding:SLVRNA,,,,,,,,,,,,,,,,,,,,,,,,,,,,,,,,,,,,,,,,,,,
85,FCGR2C_processed_transcript:SLVRNA,MAN2B1_retained_intron:SLVRNA,KIAA0368_protein_coding:SLVRNA,PCSK5_protein_coding:SLVRNA,STAT5B_retained_intron:SLVRNA,,,,,,,,,,,,,,,,,,,,,,,,,,,,,,,,,,,,,,,,,,,
86,FES_protein_coding:SLVRNA,MAST4_protein_coding:SLVRNA,KIAA0430_retained_intron:SLVRNA,PEAK1_protein_coding:SLVRNA,STX3_protein_coding:SLVRNA,,,,,,,,,,,,,,,,,,,,,,,,,,,,,,,,,,,,,,,,,,,
87,FGR_processed_transcript:SLVRNA,MBD6_protein_coding:SLVRNA,KIF13A_protein_coding:SLVRNA,PFKFB3_protein_coding:SLVRNA,TECPR2_protein_coding:SLVRNA,,,,,,,,,,,,,,,,,,,,,,,,,,,,,,,,,,,,,,,,,,,
88,FRAT2_protein_coding:SLVRNA,MED14_protein_coding:SLVRNA,KLHL15_protein_coding:SLVRNA,PFKFB3_retained_intron:SLVRNA,TFCP2_protein_coding:SLVRNA,,,,,,,,,,,,,,,,,,,,,,,,,,,,,,,,,,,,,,,,,,,
89,FTX_lincRNA:SLVRNA,MEFV_nonsense_mediated_decay:SLVRNA,KMT2D_protein_coding:SLVRNA,PGK1_processed_transcript:SLVRNA,THOC2_protein_coding:SLVRNA,,,,,,,,,,,,,,,,,,,,,,,,,,,,,,,,,,,,,,,,,,,
90,GAK_retained_intron:SLVRNA,MGAT4A_protein_coding:SLVRNA,LLGL2_protein_coding:SLVRNA,PHF20L1_protein_coding:SLVRNA,TMEM132A_protein_coding:SLVRNA,,,,,,,,,,,,,,,,,,,,,,,,,,,,,,,,,,,,,,,,,,,
91,GBF1_protein_coding:SLVRNA,MMAB_protein_coding:SLVRNA,LMNA_protein_coding:SLVRNA,PLA2G7_protein_coding:SLVRNA,TMEM8A_protein_coding:SLVRNA,,,,,,,,,,,,,,,,,,,,,,,,,,,,,,,,,,,,,,,,,,,
92,GNB1_protein_coding:SLVRNA,MMP25_processed_transcript:SLVRNA,LRCH4_retained_intron:SLVRNA,PLEC_protein_coding:SLVRNA,TMPRSS4_retained_intron:SLVRNA,,,,,,,,,,,,,,,,,,,,,,,,,,,,,,,,,,,,,,,,,,,
93,GNL1_protein_coding:SLVRNA,MOB3C_protein_coding:SLVRNA,LRP1_retained_intron:SLVRNA,PLEKHA1_protein_coding:SLVRNA,TREML2_protein_coding:SLVRNA,,,,,,,,,,,,,,,,,,,,,,,,,,,,,,,,,,,,,,,,,,,
94,GPAA1_retained_intron:SLVRNA,MOV10_processed_transcript:SLVRNA,MAP4K2_retained_intron:SLVRNA,PLEKHA3_protein_coding:SLVRNA,USP25_protein_coding:SLVRNA,,,,,,,,,,,,,,,,,,,,,,,,,,,,,,,,,,,,,,,,,,,
95,GRAMD1A_retained_intron:SLVRNA,MS4A7_protein_coding:SLVRNA,MARCH5_protein_coding:SLVRNA,PPARD_protein_coding:SLVRNA,USP9X_protein_coding:SLVRNA,,,,,,,,,,,,,,,,,,,,,,,,,,,,,,,,,,,,,,,,,,,
96,GSTO1_protein_coding:SLVRNA,MSL1_retained_intron:SLVRNA,MARK2_protein_coding:SLVRNA,PREX1_nonsense_mediated_decay:SLVRNA,WDFY4_protein_coding:SLVRNA,,,,,,,,,,,,,,,,,,,,,,,,,,,,,,,,,,,,,,,,,,,
97,H2AFZ_retained_intron:SLVRNA,MTMR12_protein_coding:SLVRNA,MARS_retained_intron:SLVRNA,PSEN1_protein_coding:SLVRNA,WNK1_protein_coding:SLVRNA,,,,,,,,,,,,,,,,,,,,,,,,,,,,,,,,,,,,,,,,,,,
98,HAUS4_protein_coding:SLVRNA,MTMR3_protein_coding:SLVRNA,MIER1_protein_coding:SLVRNA,RAB1A_protein_coding:SLVRNA,YTHDF1_protein_coding:SLVRNA,,,,,,,,,,,,,,,,,,,,,,,,,,,,,,,,,,,,,,,,,,,
99,HIPK2_protein_coding:SLVRNA,MTOR_protein_coding:SLVRNA,MSL2_protein_coding:SLVRNA,RARA_processed_transcript:SLVRNA,ZC3H11A_processed_transcript:SLVRNA,,,,,,,,,,,,,,,,,,,,,,,,,,,,,,,,,,,,,,,,,,,
100,HLA-B_protein_coding:SLVRNA,MYCBP2_protein_coding:SLVRNA,MT1G_protein_coding:SLVRNA,RIPK4_protein_coding:SLVRNA,ZNF200_retained_intron:SLVRNA,,,,,,,,,,,,,,,,,,,,,,,,,,,,,,,,,,,,,,,,,,,
101,HNRNPA1_protein_coding:SLVRNA,NAPA_retained_intron:SLVRNA,NADSYN1_protein_coding:SLVRNA,RN7SL1_misc_RNA:SLVRNA,,,,,,,,,,,,,,,,,,,,,,,,,,,,,,,,,,,,,,,,,,,,
102,HNRNPUL1_protein_coding:SLVRNA,NASP_retained_intron:SLVRNA,NDEL1_protein_coding:SLVRNA,RN7SL2_misc_RNA:SLVRNA,,,,,,,,,,,,,,,,,,,,,,,,,,,,,,,,,,,,,,,,,,,,
103,IGSF6_protein_coding:SLVRNA,NBPF10_protein_coding:SLVRNA,NDST2_protein_coding:SLVRNA,RNF213_protein_coding:SLVRNA,,,,,,,,,,,,,,,,,,,,,,,,,,,,,,,,,,,,,,,,,,,,
104,IL1RN_retained_intron:SLVRNA,NBPF9_retained_intron:SLVRNA,NHLRC2_protein_coding:SLVRNA,RP1-56K13.1_protein_coding:SLVRNA,,,,,,,,,,,,,,,,,,,,,,,,,,,,,,,,,,,,,,,,,,,,
105,INPP4A_protein_coding:SLVRNA,NCOR2_protein_coding:SLVRNA,NOMO2_protein_coding:SLVRNA,RP11-217O12.1_processed_pseudogene:SLVRNA,,,,,,,,,,,,,,,,,,,,,,,,,,,,,,,,,,,,,,,,,,,,
106,INSIG1_protein_coding:SLVRNA,NFKB2_processed_transcript:SLVRNA,NPIPB4_protein_coding:SLVRNA,RP11-419I17.1_processed_transcript:SLVRNA,,,,,,,,,,,,,,,,,,,,,,,,,,,,,,,,,,,,,,,,,,,,
107,IQSEC1_protein_coding:SLVRNA,NFKBID_protein_coding:SLVRNA,NTNG2_protein_coding:SLVRNA,RP11-666F17.1_antisense:SLVRNA,,,,,,,,,,,,,,,,,,,,,,,,,,,,,,,,,,,,,,,,,,,,
108,IRF1_retained_intron:SLVRNA,NFYC_protein_coding:SLVRNA,NUP98_protein_coding:SLVRNA,RP3-394A18.1_antisense:SLVRNA,,,,,,,,,,,,,,,,,,,,,,,,,,,,,,,,,,,,,,,,,,,,
109,ITGAX_retained_intron:SLVRNA,NINJ1_processed_transcript:SLVRNA,OAZ1_protein_coding:SLVRNA,RP5-1198O20.4_lincRNA:SLVRNA,,,,,,,,,,,,,,,,,,,,,,,,,,,,,,,,,,,,,,,,,,,,
110,ITPKB_protein_coding:SLVRNA,NLRP3_protein_coding:SLVRNA,OS9_protein_coding:SLVRNA,RPGR_protein_coding:SLVRNA,,,,,,,,,,,,,,,,,,,,,,,,,,,,,,,,,,,,,,,,,,,,
111,JTB_protein_coding:SLVRNA,NPLOC4_protein_coding:SLVRNA,PARD3_protein_coding:SLVRNA,RPL17_protein_coding:SLVRNA,,,,,,,,,,,,,,,,,,,,,,,,,,,,,,,,,,,,,,,,,,,,
112,KHNYN_protein_coding:SLVRNA,NR4A1_retained_intron:SLVRNA,PCM1_protein_coding:SLVRNA,RPL27_protein_coding:SLVRNA,,,,,,,,,,,,,,,,,,,,,,,,,,,,,,,,,,,,,,,,,,,,
113,KHSRP_protein_coding:SLVRNA,NSMAF_retained_intron:SLVRNA,PISD_protein_coding:SLVRNA,RPL31_protein_coding:SLVRNA,,,,,,,,,,,,,,,,,,,,,,,,,,,,,,,,,,,,,,,,,,,,
114,KLF3_protein_coding:SLVRNA,PCSK7_retained_intron:SLVRNA,PLCB2_protein_coding:SLVRNA,RPS12_protein_coding:SLVRNA,,,,,,,,,,,,,,,,,,,,,,,,,,,,,,,,,,,,,,,,,,,,
115,KLK11_protein_coding:SLVRNA,PDLIM5_protein_coding:SLVRNA,PLEKHG6_protein_coding:SLVRNA,RPS18_protein_coding:SLVRNA,,,,,,,,,,,,,,,,,,,,,,,,,,,,,,,,,,,,,,,,,,,,
116,KMT2C_nonsense_mediated_decay:SLVRNA,PFKFB3_nonsense_mediated_decay:SLVRNA,PLS3_protein_coding:SLVRNA,SAA1_protein_coding:SLVRNA,,,,,,,,,,,,,,,,,,,,,,,,,,,,,,,,,,,,,,,,,,,,
117,LEPROT_protein_coding:SLVRNA,PGD_protein_coding:SLVRNA,PLSCR1_processed_transcript:SLVRNA,SARAF_nonsense_mediated_decay:SLVRNA,,,,,,,,,,,,,,,,,,,,,,,,,,,,,,,,,,,,,,,,,,,,
118,LIMK2_protein_coding:SLVRNA,PGGT1B_protein_coding:SLVRNA,PNPLA6_retained_intron:SLVRNA,SCARF1_protein_coding:SLVRNA,,,,,,,,,,,,,,,,,,,,,,,,,,,,,,,,,,,,,,,,,,,,
119,LRRC20_protein_coding:SLVRNA,PGS1_retained_intron:SLVRNA,PPP4R2_protein_coding:SLVRNA,SDC1_protein_coding:SLVRNA,,,,,,,,,,,,,,,,,,,,,,,,,,,,,,,,,,,,,,,,,,,,
120,LRWD1_protein_coding:SLVRNA,PIK3R5_protein_coding:SLVRNA,PRPF3_processed_transcript:SLVRNA,SEPT4_retained_intron:SLVRNA,,,,,,,,,,,,,,,,,,,,,,,,,,,,,,,,,,,,,,,,,,,,
121,MAML1_protein_coding:SLVRNA,PIK3R5_retained_intron:SLVRNA,PRR14_retained_intron:SLVRNA,SHISA5_protein_coding:SLVRNA,,,,,,,,,,,,,,,,,,,,,,,,,,,,,,,,,,,,,,,,,,,,
122,MAN2A2_nonsense_mediated_decay:SLVRNA,PIM2_protein_coding:SLVRNA,RBM33_protein_coding:SLVRNA,SIPA1L2_protein_coding:SLVRNA,,,,,,,,,,,,,,,,,,,,,,,,,,,,,,,,,,,,,,,,,,,,
123,MAN2A2_protein_coding:SLVRNA,PLCE1_protein_coding:SLVRNA,RBM39_nonsense_mediated_decay:SLVRNA,SNN_protein_coding:SLVRNA,,,,,,,,,,,,,,,,,,,,,,,,,,,,,,,,,,,,,,,,,,,,
124,MAN2A2_retained_intron:SLVRNA,PLEKHG2_protein_coding:SLVRNA,RBMS1_retained_intron:SLVRNA,SORBS3_protein_coding:SLVRNA,,,,,,,,,,,,,,,,,,,,,,,,,,,,,,,,,,,,,,,,,,,,
125,MAPK8IP3_retained_intron:SLVRNA,PLEKHH3_retained_intron:SLVRNA,RCC2_protein_coding:SLVRNA,SOS1_protein_coding:SLVRNA,,,,,,,,,,,,,,,,,,,,,,,,,,,,,,,,,,,,,,,,,,,,
126,MARCH7_protein_coding:SLVRNA,PLIN4_protein_coding:SLVRNA,RELA_protein_coding:SLVRNA,SRRM4_protein_coding:SLVRNA,,,,,,,,,,,,,,,,,,,,,,,,,,,,,,,,,,,,,,,,,,,,
127,MARK3_protein_coding:SLVRNA,PPP1R13L_retained_intron:SLVRNA,REL_protein_coding:SLVRNA,SRSF3_protein_coding:SLVRNA,,,,,,,,,,,,,,,,,,,,,,,,,,,,,,,,,,,,,,,,,,,,
128,METTL2A_protein_coding:SLVRNA,PPP2CB_protein_coding:SLVRNA,RHOG_protein_coding:SLVRNA,ST3GAL1_protein_coding:SLVRNA,,,,,,,,,,,,,,,,,,,,,,,,,,,,,,,,,,,,,,,,,,,,
129,MLF2_retained_intron:SLVRNA,PPP6R3_protein_coding:SLVRNA,RIPOR2_protein_coding:SLVRNA,STARD3_retained_intron:SLVRNA,,,,,,,,,,,,,,,,,,,,,,,,,,,,,,,,,,,,,,,,,,,,
130,MLLT6_protein_coding:SLVRNA,PSD4_protein_coding:SLVRNA,RNF31_protein_coding:SLVRNA,STAT5A_protein_coding:SLVRNA,,,,,,,,,,,,,,,,,,,,,,,,,,,,,,,,,,,,,,,,,,,,
131,MOB3A_protein_coding:SLVRNA,R3HDM4_retained_intron:SLVRNA,RPS2P5_processed_pseudogene:SLVRNA,STX16_protein_coding:SLVRNA,,,,,,,,,,,,,,,,,,,,,,,,,,,,,,,,,,,,,,,,,,,,
132,MXD1_nonsense_mediated_decay:SLVRNA,RALA_protein_coding:SLVRNA,SAFB_retained_intron:SLVRNA,SYTL1_protein_coding:SLVRNA,,,,,,,,,,,,,,,,,,,,,,,,,,,,,,,,,,,,,,,,,,,,
133,NAA15_protein_coding:SLVRNA,RAP1GAP2_protein_coding:SLVRNA,SCNN1G_protein_coding:SLVRNA,TCP11L2_protein_coding:SLVRNA,,,,,,,,,,,,,,,,,,,,,,,,,,,,,,,,,,,,,,,,,,,,
134,NAGK_retained_intron:SLVRNA,RAPGEF6_protein_coding:SLVRNA,SCYL3_protein_coding:SLVRNA,TFEB_protein_coding:SLVRNA,,,,,,,,,,,,,,,,,,,,,,,,,,,,,,,,,,,,,,,,,,,,
135,NAMPT_retained_intron:SLVRNA,RASA3_protein_coding:SLVRNA,SDHA_retained_intron:SLVRNA,TGOLN2_protein_coding:SLVRNA,,,,,,,,,,,,,,,,,,,,,,,,,,,,,,,,,,,,,,,,,,,,
136,NDRG1_processed_transcript:SLVRNA,RBM17_processed_transcript:SLVRNA,SEMA4A_protein_coding:SLVRNA,THEMIS2_protein_coding:SLVRNA,,,,,,,,,,,,,,,,,,,,,,,,,,,,,,,,,,,,,,,,,,,,
137,NORAD_lincRNA:SLVRNA,REEP3_protein_coding:SLVRNA,SEMA4D_protein_coding:SLVRNA,TJP1_protein_coding:SLVRNA,,,,,,,,,,,,,,,,,,,,,,,,,,,,,,,,,,,,,,,,,,,,
138,NPEPPS_retained_intron:SLVRNA,RELT_retained_intron:SLVRNA,SGSM2_retained_intron:SLVRNA,TMC6_retained_intron:SLVRNA,,,,,,,,,,,,,,,,,,,,,,,,,,,,,,,,,,,,,,,,,,,,
139,NUCB1_protein_coding:SLVRNA,RHBDF2_protein_coding:SLVRNA,SH3PXD2A_protein_coding:SLVRNA,TMEM127_protein_coding:SLVRNA,,,,,,,,,,,,,,,,,,,,,,,,,,,,,,,,,,,,,,,,,,,,
140,NUMA1_protein_coding:SLVRNA,RND1_protein_coding:SLVRNA,SIRT2_protein_coding:SLVRNA,TMPRSS11A_protein_coding:SLVRNA,,,,,,,,,,,,,,,,,,,,,,,,,,,,,,,,,,,,,,,,,,,,
141,OGT_retained_intron:SLVRNA,RNF10_retained_intron:SLVRNA,SLC15A3_protein_coding:SLVRNA,TNFRSF21_protein_coding:SLVRNA,,,,,,,,,,,,,,,,,,,,,,,,,,,,,,,,,,,,,,,,,,,,
142,OLR1_protein_coding:SLVRNA,RNF222_protein_coding:SLVRNA,SLC19A1_protein_coding:SLVRNA,TNFSF15_protein_coding:SLVRNA,,,,,,,,,,,,,,,,,,,,,,,,,,,,,,,,,,,,,,,,,,,,
143,OR5A2_protein_coding:SLVRNA,RNPEPL1_protein_coding:SLVRNA,SLC24A3_protein_coding:SLVRNA,TPT1-AS1_retained_intron:SLVRNA,,,,,,,,,,,,,,,,,,,,,,,,,,,,,,,,,,,,,,,,,,,,
144,PARVG_retained_intron:SLVRNA,RP11-304M2.2_lincRNA:SLVRNA,SLC25A45_retained_intron:SLVRNA,TRIM28_retained_intron:SLVRNA,,,,,,,,,,,,,,,,,,,,,,,,,,,,,,,,,,,,,,,,,,,,
145,PDZD2_processed_transcript:SLVRNA,RP11-34P13.13_antisense:SLVRNA,SLFN5_protein_coding:SLVRNA,TUBB_protein_coding:SLVRNA,,,,,,,,,,,,,,,,,,,,,,,,,,,,,,,,,,,,,,,,,,,,
146,PICALM_retained_intron:SLVRNA,RP11-378J18.9_lincRNA:SLVRNA,SNHG12_retained_intron:SLVRNA,UBALD1_protein_coding:SLVRNA,,,,,,,,,,,,,,,,,,,,,,,,,,,,,,,,,,,,,,,,,,,,
147,PLAT_protein_coding:SLVRNA,RP11-39E3.6_TEC:SLVRNA,SNRNP70_nonsense_mediated_decay:SLVRNA,UBE4B_protein_coding:SLVRNA,,,,,,,,,,,,,,,,,,,,,,,,,,,,,,,,,,,,,,,,,,,,
148,PLD2_protein_coding:SLVRNA,RP11-453N18.1_unprocessed_pseudogene:SLVRNA,SP110_retained_intron:SLVRNA,USP6NL_protein_coding:SLVRNA,,,,,,,,,,,,,,,,,,,,,,,,,,,,,,,,,,,,,,,,,,,,
149,PLEKHA6_protein_coding:SLVRNA,RP4-669L17.8_unprocessed_pseudogene:SLVRNA,SPATA13_protein_coding:SLVRNA,VASH1_protein_coding:SLVRNA,,,,,,,,,,,,,,,,,,,,,,,,,,,,,,,,,,,,,,,,,,,,
150,PNPLA2_retained_intron:SLVRNA,RPN2_protein_coding:SLVRNA,SRP54_protein_coding:SLVRNA,XPO6_retained_intron:SLVRNA,,,,,,,,,,,,,,,,,,,,,,,,,,,,,,,,,,,,,,,,,,,,
151,POF1B_protein_coding:SLVRNA,SAMD4B_retained_intron:SLVRNA,SRRM2_protein_coding:SLVRNA,ZFP36L1_protein_coding:SLVRNA,,,,,,,,,,,,,,,,,,,,,,,,,,,,,,,,,,,,,,,,,,,,
152,PPP1CC_protein_coding:SLVRNA,SDS_protein_coding:SLVRNA,SSR3_protein_coding:SLVRNA,ZSWIM4_protein_coding:SLVRNA,,,,,,,,,,,,,,,,,,,,,,,,,,,,,,,,,,,,,,,,,,,,
153,PPP1R12C_protein_coding:SLVRNA,SECTM1_protein_coding:SLVRNA,STAT5B_protein_coding:SLVRNA,ZSWIM8_retained_intron:SLVRNA,,,,,,,,,,,,,,,,,,,,,,,,,,,,,,,,,,,,,,,,,,,,
154,PPP1R3B_protein_coding:SLVRNA,SEMA4B_protein_coding:SLVRNA,TAP2_protein_coding:SLVRNA,,,,,,,,,,,,,,,,,,,,,,,,,,,,,,,,,,,,,,,,,,,,,
155,PPP2R4_protein_coding:SLVRNA,SH2B2_protein_coding:SLVRNA,TBC1D10C_protein_coding:SLVRNA,,,,,,,,,,,,,,,,,,,,,,,,,,,,,,,,,,,,,,,,,,,,,
156,PPP2R5D_protein_coding:SLVRNA,SH2D3C_protein_coding:SLVRNA,TMEM106A_protein_coding:SLVRNA,,,,,,,,,,,,,,,,,,,,,,,,,,,,,,,,,,,,,,,,,,,,,
157,PRSS27_retained_intron:SLVRNA,SH3BP5_protein_coding:SLVRNA,TMEM259_protein_coding:SLVRNA,,,,,,,,,,,,,,,,,,,,,,,,,,,,,,,,,,,,,,,,,,,,,
158,PSMD8_protein_coding:SLVRNA,SHROOM3_protein_coding:SLVRNA,TNRC6C_protein_coding:SLVRNA,,,,,,,,,,,,,,,,,,,,,,,,,,,,,,,,,,,,,,,,,,,,,
159,PTMS_processed_transcript:SLVRNA,SIRPA_protein_coding:SLVRNA,TPM3_retained_intron:SLVRNA,,,,,,,,,,,,,,,,,,,,,,,,,,,,,,,,,,,,,,,,,,,,,
160,PTPN6_processed_transcript:SLVRNA,SLC12A6_retained_intron:SLVRNA,TRIM8_protein_coding:SLVRNA,,,,,,,,,,,,,,,,,,,,,,,,,,,,,,,,,,,,,,,,,,,,,
161,R3HDM4_nonsense_mediated_decay:SLVRNA,SLC16A3_protein_coding:SLVRNA,UBAC2_processed_transcript:SLVRNA,,,,,,,,,,,,,,,,,,,,,,,,,,,,,,,,,,,,,,,,,,,,,
162,RASAL1_processed_transcript:SLVRNA,SLC16A3_retained_intron:SLVRNA,UBE2G1_protein_coding:SLVRNA,,,,,,,,,,,,,,,,,,,,,,,,,,,,,,,,,,,,,,,,,,,,,
163,RBM5_retained_intron:SLVRNA,SLC25A37_processed_transcript:SLVRNA,UBE2M_protein_coding:SLVRNA,,,,,,,,,,,,,,,,,,,,,,,,,,,,,,,,,,,,,,,,,,,,,
164,RBMS2_protein_coding:SLVRNA,SLC43A2_retained_intron:SLVRNA,URGCP_protein_coding:SLVRNA,,,,,,,,,,,,,,,,,,,,,,,,,,,,,,,,,,,,,,,,,,,,,
165,RBPJ_protein_coding:SLVRNA,SLC8A1_protein_coding:SLVRNA,USB1_retained_intron:SLVRNA,,,,,,,,,,,,,,,,,,,,,,,,,,,,,,,,,,,,,,,,,,,,,
166,RNF24_protein_coding:SLVRNA,SOWAHC_protein_coding:SLVRNA,USP8_protein_coding:SLVRNA,,,,,,,,,,,,,,,,,,,,,,,,,,,,,,,,,,,,,,,,,,,,,
167,RP11-192H23.4_nonsense_mediated_decay:SLVRNA,SOX9_protein_coding:SLVRNA,VCP_retained_intron:SLVRNA,,,,,,,,,,,,,,,,,,,,,,,,,,,,,,,,,,,,,,,,,,,,,
168,RP11-326C3.2_antisense:SLVRNA,SRGAP1_protein_coding:SLVRNA,WDFY3_retained_intron:SLVRNA,,,,,,,,,,,,,,,,,,,,,,,,,,,,,,,,,,,,,,,,,,,,,
169,RP11-54A4.2_antisense:SLVRNA,SRGAP2_protein_coding:SLVRNA,XDH_protein_coding:SLVRNA,,,,,,,,,,,,,,,,,,,,,,,,,,,,,,,,,,,,,,,,,,,,,
170,RP4-635A23.6_TEC:SLVRNA,SRRM2_processed_transcript:SLVRNA,ZBTB7A_protein_coding:SLVRNA,,,,,,,,,,,,,,,,,,,,,,,,,,,,,,,,,,,,,,,,,,,,,
171,RP4-669L17.4_processed_transcript:SLVRNA,STK10_retained_intron:SLVRNA,ZFPL1_protein_coding:SLVRNA,,,,,,,,,,,,,,,,,,,,,,,,,,,,,,,,,,,,,,,,,,,,,
172,RPL11_protein_coding:SLVRNA,SVIL_protein_coding:SLVRNA,ZNF268_protein_coding:SLVRNA,,,,,,,,,,,,,,,,,,,,,,,,,,,,,,,,,,,,,,,,,,,,,
173,RPL5_protein_coding:SLVRNA,TACC2_protein_coding:SLVRNA,ZNF276_retained_intron:SLVRNA,,,,,,,,,,,,,,,,,,,,,,,,,,,,,,,,,,,,,,,,,,,,,
174,RPLP0_protein_coding:SLVRNA,TANK_retained_intron:SLVRNA,ZNF335_protein_coding:SLVRNA,,,,,,,,,,,,,,,,,,,,,,,,,,,,,,,,,,,,,,,,,,,,,
175,RPN1_protein_coding:SLVRNA,TBL1XR1_protein_coding:SLVRNA,ZNF438_protein_coding:SLVRNA,,,,,,,,,,,,,,,,,,,,,,,,,,,,,,,,,,,,,,,,,,,,,
176,RXRA_processed_transcript:SLVRNA,TF_protein_coding:SLVRNA,ZNF638_retained_intron:SLVRNA,,,,,,,,,,,,,,,,,,,,,,,,,,,,,,,,,,,,,,,,,,,,,
177,SBNO2_protein_coding:SLVRNA,TINF2_protein_coding:SLVRNA,,,,,,,,,,,,,,,,,,,,,,,,,,,,,,,,,,,,,,,,,,,,,,
178,SBNO2_retained_intron:SLVRNA,TMC6_protein_coding:SLVRNA,,,,,,,,,,,,,,,,,,,,,,,,,,,,,,,,,,,,,,,,,,,,,,
179,SCAF1_protein_coding:SLVRNA,TMEM219_protein_coding:SLVRNA,,,,,,,,,,,,,,,,,,,,,,,,,,,,,,,,,,,,,,,,,,,,,,
180,SCAP_protein_coding:SLVRNA,TMUB1_protein_coding:SLVRNA,,,,,,,,,,,,,,,,,,,,,,,,,,,,,,,,,,,,,,,,,,,,,,
181,SCLT1_protein_coding:SLVRNA,TNFAIP1_protein_coding:SLVRNA,,,,,,,,,,,,,,,,,,,,,,,,,,,,,,,,,,,,,,,,,,,,,,
182,SCNN1A_protein_coding:SLVRNA,TNFAIP2_protein_coding:SLVRNA,,,,,,,,,,,,,,,,,,,,,,,,,,,,,,,,,,,,,,,,,,,,,,
183,SCYL1_protein_coding:SLVRNA,TRIM29_protein_coding:SLVRNA,,,,,,,,,,,,,,,,,,,,,,,,,,,,,,,,,,,,,,,,,,,,,,
184,SCYL1_retained_intron:SLVRNA,UBAP2L_protein_coding:SLVRNA,,,,,,,,,,,,,,,,,,,,,,,,,,,,,,,,,,,,,,,,,,,,,,
185,SEMA4B_retained_intron:SLVRNA,UBN2_protein_coding:SLVRNA,,,,,,,,,,,,,,,,,,,,,,,,,,,,,,,,,,,,,,,,,,,,,,
186,SEPHS2_protein_coding:SLVRNA,UNC93B1_retained_intron:SLVRNA,,,,,,,,,,,,,,,,,,,,,,,,,,,,,,,,,,,,,,,,,,,,,,
187,SERPINA1_processed_transcript:SLVRNA,USP36_protein_coding:SLVRNA,,,,,,,,,,,,,,,,,,,,,,,,,,,,,,,,,,,,,,,,,,,,,,
188,SERPINB2_protein_coding:SLVRNA,UVSSA_protein_coding:SLVRNA,,,,,,,,,,,,,,,,,,,,,,,,,,,,,,,,,,,,,,,,,,,,,,
189,SIPA1_protein_coding:SLVRNA,VEGFA_protein_coding:SLVRNA,,,,,,,,,,,,,,,,,,,,,,,,,,,,,,,,,,,,,,,,,,,,,,
190,SIRPB2_protein_coding:SLVRNA,VEZF1_protein_coding:SLVRNA,,,,,,,,,,,,,,,,,,,,,,,,,,,,,,,,,,,,,,,,,,,,,,
191,SLC20A2_protein_coding:SLVRNA,WLS_protein_coding:SLVRNA,,,,,,,,,,,,,,,,,,,,,,,,,,,,,,,,,,,,,,,,,,,,,,
192,SLC25A29_protein_coding:SLVRNA,WSB1_protein_coding:SLVRNA,,,,,,,,,,,,,,,,,,,,,,,,,,,,,,,,,,,,,,,,,,,,,,
193,SLC25A48_protein_coding:SLVRNA,WSB1_retained_intron:SLVRNA,,,,,,,,,,,,,,,,,,,,,,,,,,,,,,,,,,,,,,,,,,,,,,
194,SLC2A4RG_processed_transcript:SLVRNA,WWC3_protein_coding:SLVRNA,,,,,,,,,,,,,,,,,,,,,,,,,,,,,,,,,,,,,,,,,,,,,,
195,SLC35A3_protein_coding:SLVRNA,ZMIZ2_retained_intron:SLVRNA,,,,,,,,,,,,,,,,,,,,,,,,,,,,,,,,,,,,,,,,,,,,,,
196,SLC7A5_protein_coding:SLVRNA,ZNF117_protein_coding:SLVRNA,,,,,,,,,,,,,,,,,,,,,,,,,,,,,,,,,,,,,,,,,,,,,,
197,SLC9A3R1_protein_coding:SLVRNA,ZNFX1_protein_coding:SLVRNA,,,,,,,,,,,,,,,,,,,,,,,,,,,,,,,,,,,,,,,,,,,,,,
198,SMIM3_protein_coding:SLVRNA,,,,,,,,,,,,,,,,,,,,,,,,,,,,,,,,,,,,,,,,,,,,,,,
199,SMIM5_protein_coding:SLVRNA,,,,,,,,,,,,,,,,,,,,,,,,,,,,,,,,,,,,,,,,,,,,,,,
200,SNX27_protein_coding:SLVRNA,,,,,,,,,,,,,,,,,,,,,,,,,,,,,,,,,,,,,,,,,,,,,,,
201,SP1_protein_coding:SLVRNA,,,,,,,,,,,,,,,,,,,,,,,,,,,,,,,,,,,,,,,,,,,,,,,
202,SPECC1_protein_coding:SLVRNA,,,,,,,,,,,,,,,,,,,,,,,,,,,,,,,,,,,,,,,,,,,,,,,
203,SPHK1_protein_coding:SLVRNA,,,,,,,,,,,,,,,,,,,,,,,,,,,,,,,,,,,,,,,,,,,,,,,
204,SRSF4_protein_coding:SLVRNA,,,,,,,,,,,,,,,,,,,,,,,,,,,,,,,,,,,,,,,,,,,,,,,
205,SRSF6_protein_coding:SLVRNA,,,,,,,,,,,,,,,,,,,,,,,,,,,,,,,,,,,,,,,,,,,,,,,
206,SSH1_protein_coding:SLVRNA,,,,,,,,,,,,,,,,,,,,,,,,,,,,,,,,,,,,,,,,,,,,,,,
207,STAT1_protein_coding:SLVRNA,,,,,,,,,,,,,,,,,,,,,,,,,,,,,,,,,,,,,,,,,,,,,,,
208,STK38_protein_coding:SLVRNA,,,,,,,,,,,,,,,,,,,,,,,,,,,,,,,,,,,,,,,,,,,,,,,
209,SUPT6H_retained_intron:SLVRNA,,,,,,,,,,,,,,,,,,,,,,,,,,,,,,,,,,,,,,,,,,,,,,,
210,TAGLN_protein_coding:SLVRNA,,,,,,,,,,,,,,,,,,,,,,,,,,,,,,,,,,,,,,,,,,,,,,,
211,TCF25_protein_coding:SLVRNA,,,,,,,,,,,,,,,,,,,,,,,,,,,,,,,,,,,,,,,,,,,,,,,
212,TCP1_protein_coding:SLVRNA,,,,,,,,,,,,,,,,,,,,,,,,,,,,,,,,,,,,,,,,,,,,,,,
213,TECR_retained_intron:SLVRNA,,,,,,,,,,,,,,,,,,,,,,,,,,,,,,,,,,,,,,,,,,,,,,,
214,THEMIS2_processed_transcript:SLVRNA,,,,,,,,,,,,,,,,,,,,,,,,,,,,,,,,,,,,,,,,,,,,,,,
215,TJP3_protein_coding:SLVRNA,,,,,,,,,,,,,,,,,,,,,,,,,,,,,,,,,,,,,,,,,,,,,,,
216,TLR1_protein_coding:SLVRNA,,,,,,,,,,,,,,,,,,,,,,,,,,,,,,,,,,,,,,,,,,,,,,,
217,TMEM154_protein_coding:SLVRNA,,,,,,,,,,,,,,,,,,,,,,,,,,,,,,,,,,,,,,,,,,,,,,,
218,TMEM159_protein_coding:SLVRNA,,,,,,,,,,,,,,,,,,,,,,,,,,,,,,,,,,,,,,,,,,,,,,,
219,TMEM176B_protein_coding:SLVRNA,,,,,,,,,,,,,,,,,,,,,,,,,,,,,,,,,,,,,,,,,,,,,,,
220,TMEM50A_processed_transcript:SLVRNA,,,,,,,,,,,,,,,,,,,,,,,,,,,,,,,,,,,,,,,,,,,,,,,
221,TNFAIP3_protein_coding:SLVRNA,,,,,,,,,,,,,,,,,,,,,,,,,,,,,,,,,,,,,,,,,,,,,,,
222,TNFSF14_protein_coding:SLVRNA,,,,,,,,,,,,,,,,,,,,,,,,,,,,,,,,,,,,,,,,,,,,,,,
223,TOR1A_processed_transcript:SLVRNA,,,,,,,,,,,,,,,,,,,,,,,,,,,,,,,,,,,,,,,,,,,,,,,
224,TPD52L2_retained_intron:SLVRNA,,,,,,,,,,,,,,,,,,,,,,,,,,,,,,,,,,,,,,,,,,,,,,,
225,TPM4_retained_intron:SLVRNA,,,,,,,,,,,,,,,,,,,,,,,,,,,,,,,,,,,,,,,,,,,,,,,
226,TPP1_retained_intron:SLVRNA,,,,,,,,,,,,,,,,,,,,,,,,,,,,,,,,,,,,,,,,,,,,,,,
227,TPST2_protein_coding:SLVRNA,,,,,,,,,,,,,,,,,,,,,,,,,,,,,,,,,,,,,,,,,,,,,,,
228,TRAF3IP3_retained_intron:SLVRNA,,,,,,,,,,,,,,,,,,,,,,,,,,,,,,,,,,,,,,,,,,,,,,,
229,TRIM56_protein_coding:SLVRNA,,,,,,,,,,,,,,,,,,,,,,,,,,,,,,,,,,,,,,,,,,,,,,,
230,TRPM4_protein_coding:SLVRNA,,,,,,,,,,,,,,,,,,,,,,,,,,,,,,,,,,,,,,,,,,,,,,,
231,TTLL3_retained_intron:SLVRNA,,,,,,,,,,,,,,,,,,,,,,,,,,,,,,,,,,,,,,,,,,,,,,,
232,TXNIP_retained_intron:SLVRNA,,,,,,,,,,,,,,,,,,,,,,,,,,,,,,,,,,,,,,,,,,,,,,,
233,UBR4_protein_coding:SLVRNA,,,,,,,,,,,,,,,,,,,,,,,,,,,,,,,,,,,,,,,,,,,,,,,
234,USF2_protein_coding:SLVRNA,,,,,,,,,,,,,,,,,,,,,,,,,,,,,,,,,,,,,,,,,,,,,,,
235,USP10_protein_coding:SLVRNA,,,,,,,,,,,,,,,,,,,,,,,,,,,,,,,,,,,,,,,,,,,,,,,
236,VCP_protein_coding:SLVRNA,,,,,,,,,,,,,,,,,,,,,,,,,,,,,,,,,,,,,,,,,,,,,,,
237,VWA1_protein_coding:SLVRNA,,,,,,,,,,,,,,,,,,,,,,,,,,,,,,,,,,,,,,,,,,,,,,,
238,WARS_protein_coding:SLVRNA,,,,,,,,,,,,,,,,,,,,,,,,,,,,,,,,,,,,,,,,,,,,,,,
239,WDFY3_protein_coding:SLVRNA,,,,,,,,,,,,,,,,,,,,,,,,,,,,,,,,,,,,,,,,,,,,,,,
240,YWHAQ_protein_coding:SLVRNA,,,,,,,,,,,,,,,,,,,,,,,,,,,,,,,,,,,,,,,,,,,,,,,
241,ZBED1_protein_coding:SLVRNA,,,,,,,,,,,,,,,,,,,,,,,,,,,,,,,,,,,,,,,,,,,,,,,
242,ZDHHC18_protein_coding:SLVRNA,,,,,,,,,,,,,,,,,,,,,,,,,,,,,,,,,,,,,,,,,,,,,,,
243,ZNF24_protein_coding:SLVRNA,,,,,,,,,,,,,,,,,,,,,,,,,,,,,,,,,,,,,,,,,,,,,,,
244,ZNF398_protein_coding:SLVRNA,,,,,,,,,,,,,,,,,,,,,,,,,,,,,,,,,,,,,,,,,,,,,,,
245,ZNF638_protein_coding:SLVRNA,,,,,,,,,,,,,,,,,,,,,,,,,,,,,,,,,,,,,,,,,,,,,,,
246,ZNF664_protein_coding:SLVRNA,,,,,,,,,,,,,,,,,,,,,,,,,,,,,,,,,,,,,,,,,,,,,,,
247,ZSWIM8_protein_coding:SLVRNA,,,,,,,,,,,,,,,,,,,,,,,,,,,,,,,,,,,,,,,,,,,,,,,
